subcategory_name,subcategory_series,category_name,code,columns,sequence_padding
Antenna Panel Mount,2,Antenna,1242,category:varchar;part_type:varchar;description:varchar,4
Antenna PCB mount,1,Antenna,1241,category:varchar;part_type:varchar;description:varchar,4
ALUMINUM PCB,6,Bare PCB,1996,category:varchar;part_type:varchar;value:varchar;description:varchar;schematic_part:varchar;company_part_status:varchar;temprature_grade:varchar;revision_number:varchar;no_of_layer:varchar;pcb_thickness:varchar;horizontal_dimensions:varchar;vertical_dimensions:varchar;top_and_bottom_layer_thickness:varchar;middle_layer_thickness:varchar;dielectric:varchar;misc_1:varchar;misc_2:varchar;misc_3:varchar;remarks:varchar,4
FLEXIBLE PCB,8,Bare PCB,1998,category:varchar;part_type:varchar;value:varchar;description:varchar;schematic_part:varchar;company_part_status:varchar;temprature_grade:varchar;revision_number:varchar;no_of_layer:varchar;pcb_thickness:varchar;horizontal_dimensions:varchar;vertical_dimensions:varchar;top_and_bottom_layer_thickness:varchar;middle_layer_thickness:varchar;dielectric:varchar;misc_1:varchar;misc_2:varchar;misc_3:varchar;remarks:varchar,4
FR4 PCB 4 Layer,3,Bare PCB,1993,category:varchar;part_type:varchar;value:varchar;description:varchar;schematic_part:varchar;company_part_status:varchar;temprature_grade:varchar;revision_number:varchar;no_of_layer:varchar;pcb_thickness:varchar;horizontal_dimensions:varchar;vertical_dimensions:varchar;top_and_bottom_layer_thickness:varchar;middle_layer_thickness:varchar;dielectric:varchar;misc_1:varchar;misc_2:varchar;misc_3:varchar;remarks:varchar,4
FR4 PCB 6 Layer,4,Bare PCB,1994,category:varchar;part_type:varchar;value:varchar;description:varchar;schematic_part:varchar;company_part_status:varchar;temprature_grade:varchar;revision_number:varchar;no_of_layer:varchar;pcb_thickness:varchar;horizontal_dimensions:varchar;vertical_dimensions:varchar;top_and_bottom_layer_thickness:varchar;middle_layer_thickness:varchar;dielectric:varchar;misc_1:varchar;misc_2:varchar;misc_3:varchar;remarks:varchar,4
FR4 PCB Above 6 Layer,5,Bare PCB,1995,category:varchar;part_type:varchar;value:varchar;description:varchar;schematic_part:varchar;company_part_status:varchar;temprature_grade:varchar;revision_number:varchar;no_of_layer:varchar;pcb_thickness:varchar;horizontal_dimensions:varchar;vertical_dimensions:varchar;top_and_bottom_layer_thickness:varchar;middle_layer_thickness:varchar;dielectric:varchar;misc_1:varchar;misc_2:varchar;misc_3:varchar;remarks:varchar,4
FR4 PCB Double Layer,2,Bare PCB,1992,category:varchar;part_type:varchar;value:varchar;description:varchar;schematic_part:varchar;company_part_status:varchar;temprature_grade:varchar;revision_number:varchar;no_of_layer:varchar;pcb_thickness:varchar;horizontal_dimensions:varchar;vertical_dimensions:varchar;top_and_bottom_layer_thickness:varchar;middle_layer_thickness:varchar;dielectric:varchar;misc_1:varchar;misc_2:varchar;misc_3:varchar;remarks:varchar,4
FR4 PCB Single Layer,1,Bare PCB,1991,category:varchar;part_type:varchar;value:varchar;description:varchar;schematic_part:varchar;company_part_status:varchar;temprature_grade:varchar;revision_number:varchar;no_of_layer:varchar;pcb_thickness:varchar;horizontal_dimensions:varchar;vertical_dimensions:varchar;top_and_bottom_layer_thickness:varchar;middle_layer_thickness:varchar;dielectric:varchar;misc_1:varchar;misc_2:varchar;misc_3:varchar;remarks:varchar,4
Misc Other,9,Bare PCB,1999,category:varchar;part_type:varchar;value:varchar;description:varchar;schematic_part:varchar;company_part_status:varchar;temprature_grade:varchar;revision_number:varchar;no_of_layer:varchar;pcb_thickness:varchar;horizontal_dimensions:varchar;vertical_dimensions:varchar;top_and_bottom_layer_thickness:varchar;middle_layer_thickness:varchar;dielectric:varchar;misc_1:varchar;misc_2:varchar;misc_3:varchar;remarks:varchar,4
TEFLON PCB,7,Bare PCB,1997,category:varchar;part_type:varchar;value:varchar;description:varchar;schematic_part:varchar;company_part_status:varchar;temprature_grade:varchar;revision_number:varchar;no_of_layer:varchar;pcb_thickness:varchar;horizontal_dimensions:varchar;vertical_dimensions:varchar;top_and_bottom_layer_thickness:varchar;middle_layer_thickness:varchar;dielectric:varchar;misc_1:varchar;misc_2:varchar;misc_3:varchar;remarks:varchar,4
Aluminium Wire,4,Bare wire,1314,category:varchar;part_type:varchar;description:varchar,4
Copper Wire,2,Bare wire,1312,category:varchar;part_type:varchar;description:varchar,4
Solid Wire,1,Bare wire,1311,category:varchar;part_type:varchar;description:varchar,4
,5,BOP hardware,1915,category:varchar;part_type:varchar;description:varchar,4
Blind standoff,2,BOP hardware,1912,category:varchar;part_type:varchar;description:varchar,4
Clinch nut,3,BOP hardware,1913,category:varchar;part_type:varchar;description:varchar,4
Clinch studs,4,BOP hardware,1914,category:varchar;part_type:varchar;description:varchar,4
Standoff,1,BOP hardware,1911,category:varchar;part_type:varchar;description:varchar,4
Buzzer,1,Buzzer,1231,category:varchar;part_type:varchar;value:varchar;description:varchar;schematic_part:varchar;company_part_status:varchar;mounting_type:varchar;no_of_pins:varchar;operating_temprature:varchar;operating_voltage:varchar;operating_current:varchar;package:varchar;package_size:varchar;package_height:varchar;misc_1:varchar;misc_2:varchar;misc_3:varchar;remarks:varchar,4
Speaker,2,Buzzer,1232,category:varchar;part_type:varchar;value:varchar;description:varchar;schematic_part:varchar;company_part_status:varchar;mounting_type:varchar;no_of_pins:varchar;operating_temprature:varchar;operating_voltage:varchar;operating_current:varchar;package:varchar;package_size:varchar;package_height:varchar;misc_1:varchar;misc_2:varchar;misc_3:varchar;remarks:varchar,4
Power Cable,2,Cable,1872,category:varchar;part_type:varchar;description:varchar;number_of_cores:varchar;size:varchar;current_rating:varchar;outer_dia:varchar;material:varchar;insulation_material:varchar;company_part_status:varchar,4
Single Cable,1,Cable,1871,category:varchar;part_type:varchar;description:varchar;number_of_cores:varchar;size:varchar;current_rating:varchar;outer_dia:varchar;material:varchar;insulation_material:varchar;company_part_status:varchar,4
Metal Conduit,3,Cable Conduit,1593,category:varchar;part_type:varchar;description:varchar,4
Rectangular Plastic Conduit with Cover,1,Cable Conduit,1591,category:varchar;part_type:varchar;description:varchar,4
Round Conduit,2,Cable Conduit,1592,category:varchar;part_type:varchar;description:varchar,4
Spiral Conduit,4,Cable Conduit,1594,category:varchar;part_type:varchar;description:varchar,4
Metal Gland,3,Cable Entry System,1583,category:varchar;part_type:varchar;description:varchar,4
Panel Mount Gromet,1,Cable Entry System,1581,category:varchar;part_type:varchar;description:varchar,4
Plastic Gland,2,Cable Entry System,1582,category:varchar;part_type:varchar;description:varchar,4
Cable tie holder adhesive based,4,Cable Handling,1604,category:varchar;part_type:varchar;description:varchar,4
Cable Tie Holder Panel mount,3,Cable Handling,1603,category:varchar;part_type:varchar;description:varchar,4
Metal Cable Tie,2,Cable Handling,1602,category:varchar;part_type:varchar;description:varchar,4
Nylon Cable tie,1,Cable Handling,1601,category:varchar;part_type:varchar;description:varchar,4
Aluminum Polymer,6,Capacitor,1026,category:varchar;part_type:varchar;value:varchar;description:varchar;schematic_part:varchar;company_part_status:varchar;mounting_type:varchar;no_of_pins:varchar;package_size:varchar;package_height:varchar;operating_temprature:varchar;voltage:varchar;tolerance:varchar;lifecycle:varchar;rms_current:varchar;esr:varchar;pitch:varchar;height:varchar;diameter:varchar;misc_1:varchar;misc_2:varchar;misc_3:varchar;remarks:varchar;ss_part:varchar,4
Ceramic SMT,1,Capacitor,1021,category:varchar;part_type:varchar;value:varchar;description:varchar;schematic_part:varchar;company_part_status:varchar;mounting_type:varchar;no_of_pins:varchar;package_size:varchar;package_height:varchar;operating_temprature:varchar;voltage:varchar;tolerance:varchar;lifecycle:varchar;rms_current:varchar;esr:varchar;pitch:varchar;height:varchar;diameter:varchar;misc_1:varchar;misc_2:varchar;misc_3:varchar;remarks:varchar;ss_part:varchar,4
Ceramic Throughole,2,Capacitor,1022,category:varchar;part_type:varchar;value:varchar;description:varchar;schematic_part:varchar;company_part_status:varchar;mounting_type:varchar;no_of_pins:varchar;package_size:varchar;package_height:varchar;operating_temprature:varchar;voltage:varchar;tolerance:varchar;lifecycle:varchar;rms_current:varchar;esr:varchar;pitch:varchar;height:varchar;diameter:varchar;misc_1:varchar;misc_2:varchar;misc_3:varchar;remarks:varchar;ss_part:varchar,4
Electrolytic,4,Capacitor,1024,category:varchar;part_type:varchar;value:varchar;description:varchar;schematic_part:varchar;company_part_status:varchar;mounting_type:varchar;no_of_pins:varchar;package_size:varchar;package_height:varchar;operating_temprature:varchar;voltage:varchar;tolerance:varchar;lifecycle:varchar;rms_current:varchar;esr:varchar;pitch:varchar;height:varchar;diameter:varchar;misc_1:varchar;misc_2:varchar;misc_3:varchar;remarks:varchar;ss_part:varchar,4
Film,3,Capacitor,1023,category:varchar;part_type:varchar;value:varchar;description:varchar;schematic_part:varchar;company_part_status:varchar;mounting_type:varchar;no_of_pins:varchar;package_size:varchar;package_height:varchar;operating_temprature:varchar;voltage:varchar;tolerance:varchar;lifecycle:varchar;rms_current:varchar;esr:varchar;pitch:varchar;height:varchar;diameter:varchar;misc_1:varchar;misc_2:varchar;misc_3:varchar;remarks:varchar;ss_part:varchar,4
Misc Other,9,Capacitor,1029,category:varchar;part_type:varchar;value:varchar;description:varchar;schematic_part:varchar;company_part_status:varchar;mounting_type:varchar;no_of_pins:varchar;package_size:varchar;package_height:varchar;operating_temprature:varchar;voltage:varchar;tolerance:varchar;lifecycle:varchar;rms_current:varchar;esr:varchar;pitch:varchar;height:varchar;diameter:varchar;misc_1:varchar;misc_2:varchar;misc_3:varchar;remarks:varchar;ss_part:varchar,4
Safety,7,Capacitor,1027,category:varchar;part_type:varchar;value:varchar;description:varchar;schematic_part:varchar;company_part_status:varchar;mounting_type:varchar;no_of_pins:varchar;package_size:varchar;package_height:varchar;operating_temprature:varchar;voltage:varchar;tolerance:varchar;lifecycle:varchar;rms_current:varchar;esr:varchar;pitch:varchar;height:varchar;diameter:varchar;misc_1:varchar;misc_2:varchar;misc_3:varchar;remarks:varchar;ss_part:varchar,4
Supercapacitor,8,Capacitor,1028,category:varchar;part_type:varchar;value:varchar;description:varchar;schematic_part:varchar;company_part_status:varchar;mounting_type:varchar;no_of_pins:varchar;package_size:varchar;package_height:varchar;operating_temprature:varchar;voltage:varchar;tolerance:varchar;lifecycle:varchar;rms_current:varchar;esr:varchar;pitch:varchar;height:varchar;diameter:varchar;misc_1:varchar;misc_2:varchar;misc_3:varchar;remarks:varchar;ss_part:varchar,4
Tantalum,5,Capacitor,1025,category:varchar;part_type:varchar;value:varchar;description:varchar;schematic_part:varchar;company_part_status:varchar;mounting_type:varchar;no_of_pins:varchar;package_size:varchar;package_height:varchar;operating_temprature:varchar;voltage:varchar;tolerance:varchar;lifecycle:varchar;rms_current:varchar;esr:varchar;pitch:varchar;height:varchar;diameter:varchar;misc_1:varchar;misc_2:varchar;misc_3:varchar;remarks:varchar;ss_part:varchar,4
Adhesive,5,Chemicals,1765,category:varchar;part_type:varchar;description:varchar,4
Cleaning Agents,8,Chemicals,1768,category:varchar;part_type:varchar;description:varchar,4
Coatings,7,Chemicals,1767,category:varchar;part_type:varchar;description:varchar,4
Die Casts,1,Chemicals,1821,category:varchar;part_type:varchar;description:varchar,4
Epoxy,3,Chemicals,1763,category:varchar;part_type:varchar;description:varchar,4
FR Parts,1,Chemicals,1841,category:varchar;part_type:varchar;description:varchar,4
Glue,2,Chemicals,1762,category:varchar;part_type:varchar;description:varchar,4
Other Misc Parts,1,Chemicals,1851,category:varchar;part_type:varchar;description:varchar,4
Paint,0,Chemicals,1770,category:varchar;part_type:varchar;description:varchar,4
Plastic Parts,1,Chemicals,1801,category:varchar;part_type:varchar;description:varchar,4
Rubber Parts,1,Chemicals,1831,category:varchar;part_type:varchar;description:varchar,4
Sheet metal Parts,1,Chemicals,1811,category:varchar;part_type:varchar;description:varchar,4
Silicon,6,Chemicals,1766,category:varchar;part_type:varchar;description:varchar,4
Solder,1,Chemicals,1761,category:varchar;part_type:varchar;description:varchar,4
Spray,4,Chemicals,1764,category:varchar;part_type:varchar;description:varchar,4
Thinner,9,Chemicals,1769,category:varchar;part_type:varchar;description:varchar,4
Board to Board,1,Connector,1141,category:varchar;part_type:varchar;value:varchar;description:varchar;schematic_part:varchar;company_part_status:varchar;mounting_type:varchar;no_of_pins:varchar;pin:varchar;pitch:varchar;connector_type:varchar;current_rating:varchar;voltage_rating:varchar;mating_part:varchar;misc_1:varchar;misc_2:varchar;misc_3:varchar;remarks:varchar,4
Card Edge,4,Connector,1144,category:varchar;part_type:varchar;value:varchar;description:varchar;schematic_part:varchar;company_part_status:varchar;mounting_type:varchar;no_of_pins:varchar;pin:varchar;pitch:varchar;connector_type:varchar;current_rating:varchar;voltage_rating:varchar;mating_part:varchar;misc_1:varchar;misc_2:varchar;misc_3:varchar;remarks:varchar,4
FPC,7,Connector,1147,category:varchar;part_type:varchar;value:varchar;description:varchar;schematic_part:varchar;company_part_status:varchar;mounting_type:varchar;no_of_pins:varchar;pin:varchar;pitch:varchar;connector_type:varchar;current_rating:varchar;voltage_rating:varchar;mating_part:varchar;misc_1:varchar;misc_2:varchar;misc_3:varchar;remarks:varchar,4
Misc Other,9,Connector,1149,category:varchar;part_type:varchar;value:varchar;description:varchar;schematic_part:varchar;company_part_status:varchar;mounting_type:varchar;no_of_pins:varchar;pin:varchar;pitch:varchar;connector_type:varchar;current_rating:varchar;voltage_rating:varchar;mating_part:varchar;misc_1:varchar;misc_2:varchar;misc_3:varchar;remarks:varchar,4
Power Connector,8,Connector,1148,category:varchar;part_type:varchar;value:varchar;description:varchar;schematic_part:varchar;company_part_status:varchar;mounting_type:varchar;no_of_pins:varchar;pin:varchar;pitch:varchar;connector_type:varchar;current_rating:varchar;voltage_rating:varchar;mating_part:varchar;misc_1:varchar;misc_2:varchar;misc_3:varchar;remarks:varchar,4
RF,6,Connector,1146,category:varchar;part_type:varchar;value:varchar;description:varchar;schematic_part:varchar;company_part_status:varchar;mounting_type:varchar;no_of_pins:varchar;pin:varchar;pitch:varchar;connector_type:varchar;current_rating:varchar;voltage_rating:varchar;mating_part:varchar;misc_1:varchar;misc_2:varchar;misc_3:varchar;remarks:varchar,4
Signal & interface,5,Connector,1145,category:varchar;part_type:varchar;value:varchar;description:varchar;schematic_part:varchar;company_part_status:varchar;mounting_type:varchar;no_of_pins:varchar;pin:varchar;pitch:varchar;connector_type:varchar;current_rating:varchar;voltage_rating:varchar;mating_part:varchar;misc_1:varchar;misc_2:varchar;misc_3:varchar;remarks:varchar,4
Wire to Board,2,Connector,1142,category:varchar;part_type:varchar;value:varchar;description:varchar;schematic_part:varchar;company_part_status:varchar;mounting_type:varchar;no_of_pins:varchar;pin:varchar;pitch:varchar;connector_type:varchar;current_rating:varchar;voltage_rating:varchar;mating_part:varchar;misc_1:varchar;misc_2:varchar;misc_3:varchar;remarks:varchar,4
Wire to Wire,3,Connector,1143,category:varchar;part_type:varchar;value:varchar;description:varchar;schematic_part:varchar;company_part_status:varchar;mounting_type:varchar;no_of_pins:varchar;pin:varchar;pitch:varchar;connector_type:varchar;current_rating:varchar;voltage_rating:varchar;mating_part:varchar;misc_1:varchar;misc_2:varchar;misc_3:varchar;remarks:varchar,4
Crimping pin,0,Crimping pin,1970,category:varchar;part_type:varchar;description:varchar;type:varchar;wire_size:varchar;material:varchar;finish:varchar;relation_with_connector:varchar;company_part_status:varchar;schematic_part:varchar,4
Din Rail,0,Din Rail Mount Hardware,1570,category:varchar;part_type:varchar;description:varchar,4
End Stopper,4,Din Rail Mount Hardware,1574,category:varchar;part_type:varchar;description:varchar,4
MCB,1,Din Rail Mount Hardware,1571,category:varchar;part_type:varchar;description:varchar,4
MCCB,2,Din Rail Mount Hardware,1572,category:varchar;part_type:varchar;description:varchar,4
Terminal Block,3,Din Rail Mount Hardware,1573,category:varchar;part_type:varchar;description:varchar,4
Bridge,5,Diode,1035,category:varchar;part_type:varchar;value:varchar;description:varchar;schematic_part:varchar;company_part_status:varchar;mounting_type:varchar;no_of_pins:varchar;package_size:varchar;package_height:varchar;operating_temprature:varchar;diode_configration:varchar;forward_current:varchar;reverse_voltage:varchar;forward_voltage:varchar;surge_current:varchar;no_of_diodes:varchar;misc_1:varchar;misc_2:varchar;misc_3:varchar;ss_part:varchar,4
Misc Other,9,Diode,1039,category:varchar;part_type:varchar;value:varchar;description:varchar;schematic_part:varchar;company_part_status:varchar;mounting_type:varchar;no_of_pins:varchar;package_size:varchar;package_height:varchar;operating_temprature:varchar;diode_configration:varchar;forward_current:varchar;reverse_voltage:varchar;forward_voltage:varchar;surge_current:varchar;no_of_diodes:varchar;misc_1:varchar;misc_2:varchar;misc_3:varchar;ss_part:varchar,4
Rectifier,1,Diode,1031,category:varchar;part_type:varchar;value:varchar;description:varchar;schematic_part:varchar;company_part_status:varchar;mounting_type:varchar;no_of_pins:varchar;package_size:varchar;package_height:varchar;operating_temprature:varchar;diode_configration:varchar;forward_current:varchar;reverse_voltage:varchar;forward_voltage:varchar;surge_current:varchar;no_of_diodes:varchar;misc_1:varchar;misc_2:varchar;misc_3:varchar;ss_part:varchar,4
Schottky,3,Diode,1033,category:varchar;part_type:varchar;value:varchar;description:varchar;schematic_part:varchar;company_part_status:varchar;mounting_type:varchar;no_of_pins:varchar;package_size:varchar;package_height:varchar;operating_temprature:varchar;diode_configration:varchar;forward_current:varchar;reverse_voltage:varchar;forward_voltage:varchar;surge_current:varchar;no_of_diodes:varchar;misc_1:varchar;misc_2:varchar;misc_3:varchar;ss_part:varchar,4
SiC,4,Diode,1034,category:varchar;part_type:varchar;value:varchar;description:varchar;schematic_part:varchar;company_part_status:varchar;mounting_type:varchar;no_of_pins:varchar;package_size:varchar;package_height:varchar;operating_temprature:varchar;diode_configration:varchar;forward_current:varchar;reverse_voltage:varchar;forward_voltage:varchar;surge_current:varchar;no_of_diodes:varchar;misc_1:varchar;misc_2:varchar;misc_3:varchar;ss_part:varchar,4
TVS,6,Diode,1036,category:varchar;part_type:varchar;value:varchar;description:varchar;schematic_part:varchar;company_part_status:varchar;mounting_type:varchar;no_of_pins:varchar;package_size:varchar;package_height:varchar;operating_temprature:varchar;diode_configration:varchar;forward_current:varchar;reverse_voltage:varchar;forward_voltage:varchar;surge_current:varchar;no_of_diodes:varchar;misc_1:varchar;misc_2:varchar;misc_3:varchar;ss_part:varchar,4
Ultrafast,2,Diode,1032,category:varchar;part_type:varchar;value:varchar;description:varchar;schematic_part:varchar;company_part_status:varchar;mounting_type:varchar;no_of_pins:varchar;package_size:varchar;package_height:varchar;operating_temprature:varchar;diode_configration:varchar;forward_current:varchar;reverse_voltage:varchar;forward_voltage:varchar;surge_current:varchar;no_of_diodes:varchar;misc_1:varchar;misc_2:varchar;misc_3:varchar;ss_part:varchar,4
Zener,7,Diode,1037,category:varchar;part_type:varchar;value:varchar;description:varchar;schematic_part:varchar;company_part_status:varchar;mounting_type:varchar;no_of_pins:varchar;package_size:varchar;package_height:varchar;operating_temprature:varchar;diode_configration:varchar;forward_current:varchar;reverse_voltage:varchar;forward_voltage:varchar;surge_current:varchar;no_of_diodes:varchar;misc_1:varchar;misc_2:varchar;misc_3:varchar;ss_part:varchar,4
Fan,0,Fan,1960,category:varchar;part_type:varchar;description:varchar;type:varchar;voltage_rating:varchar;current_rating:varchar;power:varchar;no_of_pin:varchar;size:varchar;rpm:varchar;company_part_status:varchar;schematic_part:varchar,4
Fan,,Fans,,category:varchar;part_type:varchar;description:varchar;type:varchar;voltage_rating:varchar;current_rating:varchar;power:varchar;no_of_pin:varchar;size:varchar;rpm:varchar;company_part_status:varchar;schematic_part:varchar,4
Bolt,2,Fixing Hardware,1642,category:varchar;part_type:varchar;description:varchar,4
Hinge,4,Fixing Hardware,1644,category:varchar;part_type:varchar;description:varchar,4
Holder,5,Fixing Hardware,1645,category:varchar;part_type:varchar;description:varchar,4
Nut,3,Fixing Hardware,1643,category:varchar;part_type:varchar;description:varchar,4
Rivet,1,Fixing Hardware,1641,category:varchar;part_type:varchar;description:varchar,4
Panel moun Handle,1,Handles,1631,category:varchar;part_type:varchar;description:varchar,4
Plastic Handle,2,Handles,1632,category:varchar;part_type:varchar;description:varchar,4
Rubber Handle,3,Handles,1633,category:varchar;part_type:varchar;description:varchar,4
Female Header Dual Row,2,Header,1152,category:varchar;part_type:varchar;value:varchar;description:varchar;schematic_part:varchar;company_part_status:varchar;mounting_type:varchar;no_of_pins:varchar;operating_temprature:varchar;package_size:varchar;package_height:varchar;pin:varchar;pitch:varchar;connector_type:varchar;current_rating:varchar;voltage_rating:varchar;mating_part:varchar;misc_1:varchar;misc_2:varchar;misc_3:varchar;remarks:varchar,4
Female Header Single Row,1,Header,1151,category:varchar;part_type:varchar;value:varchar;description:varchar;schematic_part:varchar;company_part_status:varchar;mounting_type:varchar;no_of_pins:varchar;operating_temprature:varchar;package_size:varchar;package_height:varchar;pin:varchar;pitch:varchar;connector_type:varchar;current_rating:varchar;voltage_rating:varchar;mating_part:varchar;misc_1:varchar;misc_2:varchar;misc_3:varchar;remarks:varchar,4
Male Header Dual Row,4,Header,1154,category:varchar;part_type:varchar;value:varchar;description:varchar;schematic_part:varchar;company_part_status:varchar;mounting_type:varchar;no_of_pins:varchar;operating_temprature:varchar;package_size:varchar;package_height:varchar;pin:varchar;pitch:varchar;connector_type:varchar;current_rating:varchar;voltage_rating:varchar;mating_part:varchar;misc_1:varchar;misc_2:varchar;misc_3:varchar;remarks:varchar,4
Male Header Single Row,3,Header,1153,category:varchar;part_type:varchar;value:varchar;description:varchar;schematic_part:varchar;company_part_status:varchar;mounting_type:varchar;no_of_pins:varchar;operating_temprature:varchar;package_size:varchar;package_height:varchar;pin:varchar;pitch:varchar;connector_type:varchar;current_rating:varchar;voltage_rating:varchar;mating_part:varchar;misc_1:varchar;misc_2:varchar;misc_3:varchar;remarks:varchar,4
Misc Other,9,Header,1159,category:varchar;part_type:varchar;value:varchar;description:varchar;schematic_part:varchar;company_part_status:varchar;mounting_type:varchar;no_of_pins:varchar;operating_temprature:varchar;package_size:varchar;package_height:varchar;pin:varchar;pitch:varchar;connector_type:varchar;current_rating:varchar;voltage_rating:varchar;mating_part:varchar;misc_1:varchar;misc_2:varchar;misc_3:varchar;remarks:varchar,4
Heat Shrink Sleeve,1,Heat Shrink Sleeve,1261,category:varchar;part_type:varchar;description:varchar,4
Heat shrink tube,2,Heat Shrink Sleeve,1262,category:varchar;part_type:varchar;description:varchar,4
Aluminum,2,Heat Sinks,1512,category:varchar;part_type:varchar;value:varchar;description:varchar;schematic_part:varchar;company_part_status:varchar;mounting_type:varchar;no_of_pins:varchar;extrusion_number:varchar;length:varchar;revision:varchar;misc_1:varchar;misc_2:varchar;misc_3:varchar,4
Bus Bar,4,Heat Sinks,1514,category:varchar;part_type:varchar;value:varchar;description:varchar;schematic_part:varchar;company_part_status:varchar;mounting_type:varchar;no_of_pins:varchar;extrusion_number:varchar;length:varchar;revision:varchar;misc_1:varchar;misc_2:varchar;misc_3:varchar,4
Extrusion,1,Heat Sinks,1511,category:varchar;part_type:varchar;value:varchar;description:varchar;schematic_part:varchar;company_part_status:varchar;mounting_type:varchar;no_of_pins:varchar;extrusion_number:varchar;length:varchar;revision:varchar;misc_1:varchar;misc_2:varchar;misc_3:varchar,4
AFE,0,IC,1070,category:varchar;part_type:varchar;value:varchar;description:varchar;schematic_part:varchar;company_part_status:varchar;mounting_type:varchar;no_of_pins:varchar;operating_temprature:varchar;package_size:varchar;package_height:varchar;misc_1:varchar;misc_2:varchar;misc_3:varchar;remarks:varchar,4
Analog,2,IC,1062,category:varchar;part_type:varchar;value:varchar;description:varchar;schematic_part:varchar;company_part_status:varchar;mounting_type:varchar;no_of_pins:varchar;operating_temprature:varchar;package_size:varchar;package_height:varchar;misc_1:varchar;misc_2:varchar;misc_3:varchar;remarks:varchar,4
Digital,3,IC,1063,category:varchar;part_type:varchar;value:varchar;description:varchar;schematic_part:varchar;company_part_status:varchar;mounting_type:varchar;no_of_pins:varchar;operating_temprature:varchar;package_size:varchar;package_height:varchar;misc_1:varchar;misc_2:varchar;misc_3:varchar;remarks:varchar,4
Interface,6,IC,1066,category:varchar;part_type:varchar;value:varchar;description:varchar;schematic_part:varchar;company_part_status:varchar;mounting_type:varchar;no_of_pins:varchar;operating_temprature:varchar;package_size:varchar;package_height:varchar;misc_1:varchar;misc_2:varchar;misc_3:varchar;remarks:varchar,4
Memory,7,IC,1067,category:varchar;part_type:varchar;value:varchar;description:varchar;schematic_part:varchar;company_part_status:varchar;mounting_type:varchar;no_of_pins:varchar;operating_temprature:varchar;package_size:varchar;package_height:varchar;misc_1:varchar;misc_2:varchar;misc_3:varchar;remarks:varchar,4
MEMS,9,IC,1069,category:varchar;part_type:varchar;value:varchar;description:varchar;schematic_part:varchar;company_part_status:varchar;mounting_type:varchar;no_of_pins:varchar;operating_temprature:varchar;package_size:varchar;package_height:varchar;misc_1:varchar;misc_2:varchar;misc_3:varchar;remarks:varchar,4
Microcontroller,1,IC,1061,category:varchar;part_type:varchar;value:varchar;description:varchar;schematic_part:varchar;company_part_status:varchar;mounting_type:varchar;no_of_pins:varchar;operating_temprature:varchar;package_size:varchar;package_height:varchar;misc_1:varchar;misc_2:varchar;misc_3:varchar;remarks:varchar,4
Misc Other,9,IC,1079,category:varchar;part_type:varchar;value:varchar;description:varchar;schematic_part:varchar;company_part_status:varchar;mounting_type:varchar;no_of_pins:varchar;operating_temprature:varchar;package_size:varchar;package_height:varchar;misc_1:varchar;misc_2:varchar;misc_3:varchar;remarks:varchar,4
Mixed Signal,4,IC,1064,category:varchar;part_type:varchar;value:varchar;description:varchar;schematic_part:varchar;company_part_status:varchar;mounting_type:varchar;no_of_pins:varchar;operating_temprature:varchar;package_size:varchar;package_height:varchar;misc_1:varchar;misc_2:varchar;misc_3:varchar;remarks:varchar,4
Mosfet Driver,2,IC,1072,category:varchar;part_type:varchar;value:varchar;description:varchar;schematic_part:varchar;company_part_status:varchar;mounting_type:varchar;no_of_pins:varchar;operating_temprature:varchar;package_size:varchar;package_height:varchar;misc_1:varchar;misc_2:varchar;misc_3:varchar;remarks:varchar,4
Optical,5,IC,1065,category:varchar;part_type:varchar;value:varchar;description:varchar;schematic_part:varchar;company_part_status:varchar;mounting_type:varchar;no_of_pins:varchar;operating_temprature:varchar;package_size:varchar;package_height:varchar;misc_1:varchar;misc_2:varchar;misc_3:varchar;remarks:varchar,4
Protection,8,IC,1068,category:varchar;part_type:varchar;value:varchar;description:varchar;schematic_part:varchar;company_part_status:varchar;mounting_type:varchar;no_of_pins:varchar;operating_temprature:varchar;package_size:varchar;package_height:varchar;misc_1:varchar;misc_2:varchar;misc_3:varchar;remarks:varchar,4
Ferrite Bead SMT,4,Inductor,1094,category:varchar;part_type:varchar;value:varchar;description:varchar;schematic_part:varchar;company_part_status:varchar;mounting_type:varchar;no_of_pins:varchar;operating_temprature:varchar;board_number:varchar;ref_des_in_board:varchar;core:varchar;bobbin:varchar;current_rating:varchar;package:varchar;misc_1:varchar;misc_2:varchar;misc_3:varchar;remarks:varchar,4
Ferrite Bead Throuhole,5,Inductor,1095,category:varchar;part_type:varchar;value:varchar;description:varchar;schematic_part:varchar;company_part_status:varchar;mounting_type:varchar;no_of_pins:varchar;operating_temprature:varchar;board_number:varchar;ref_des_in_board:varchar;core:varchar;bobbin:varchar;current_rating:varchar;package:varchar;misc_1:varchar;misc_2:varchar;misc_3:varchar;remarks:varchar,4
Filter Inductor,3,Inductor,1093,category:varchar;part_type:varchar;value:varchar;description:varchar;schematic_part:varchar;company_part_status:varchar;mounting_type:varchar;no_of_pins:varchar;operating_temprature:varchar;board_number:varchar;ref_des_in_board:varchar;core:varchar;bobbin:varchar;current_rating:varchar;package:varchar;misc_1:varchar;misc_2:varchar;misc_3:varchar;remarks:varchar,4
Inductor SMT,1,Inductor,1091,category:varchar;part_type:varchar;value:varchar;description:varchar;schematic_part:varchar;company_part_status:varchar;mounting_type:varchar;no_of_pins:varchar;operating_temprature:varchar;board_number:varchar;ref_des_in_board:varchar;core:varchar;bobbin:varchar;current_rating:varchar;package:varchar;misc_1:varchar;misc_2:varchar;misc_3:varchar;remarks:varchar,4
Inductor Throughole,2,Inductor,1092,category:varchar;part_type:varchar;value:varchar;description:varchar;schematic_part:varchar;company_part_status:varchar;mounting_type:varchar;no_of_pins:varchar;operating_temprature:varchar;board_number:varchar;ref_des_in_board:varchar;core:varchar;bobbin:varchar;current_rating:varchar;package:varchar;misc_1:varchar;misc_2:varchar;misc_3:varchar;remarks:varchar,4
Misc Other,9,Inductor,1099,category:varchar;part_type:varchar;value:varchar;description:varchar;schematic_part:varchar;company_part_status:varchar;mounting_type:varchar;no_of_pins:varchar;operating_temprature:varchar;board_number:varchar;ref_des_in_board:varchar;core:varchar;bobbin:varchar;current_rating:varchar;package:varchar;misc_1:varchar;misc_2:varchar;misc_3:varchar;remarks:varchar,4
Planer,6,Inductor,1096,category:varchar;part_type:varchar;value:varchar;description:varchar;schematic_part:varchar;company_part_status:varchar;mounting_type:varchar;no_of_pins:varchar;operating_temprature:varchar;board_number:varchar;ref_des_in_board:varchar;core:varchar;bobbin:varchar;current_rating:varchar;package:varchar;misc_1:varchar;misc_2:varchar;misc_3:varchar;remarks:varchar,4
Armoured cable,3,Insulated Wire,1303,category:varchar;part_type:varchar;description:varchar,4
Misc Insulated wire,9,Insulated Wire,1309,category:varchar;part_type:varchar;description:varchar,4
Multicore cable,5,Insulated Wire,1305,category:varchar;part_type:varchar;description:varchar,4
PVC insulated wire,1,Insulated Wire,1301,category:varchar;part_type:varchar;description:varchar,4
Rubber insulated wire,2,Insulated Wire,1302,category:varchar;part_type:varchar;description:varchar,4
Teflon insulated wire,4,Insulated Wire,1304,category:varchar;part_type:varchar;description:varchar,4
Bakelite insulator,1,Insulators,1611,category:varchar;part_type:varchar;description:varchar,4
Ceramic Insulator,5,Insulators,1615,category:varchar;part_type:varchar;description:varchar,4
Film Insulator,7,Insulators,1617,category:varchar;part_type:varchar;description:varchar,4
FR Insulator,6,Insulators,1616,category:varchar;part_type:varchar;description:varchar,4
MICA insulation,4,Insulators,1614,category:varchar;part_type:varchar;description:varchar,4
Nomax Insulator,8,Insulators,1618,category:varchar;part_type:varchar;description:varchar,4
Plastic Insulator,2,Insulators,1612,category:varchar;part_type:varchar;description:varchar,4
Teflon Insulator,3,Insulators,1613,category:varchar;part_type:varchar;description:varchar,4
Character LCD,1,LCD modules,1191,category:varchar;part_type:varchar;value:varchar;description:varchar;schematic_part:varchar;company_part_status:varchar;mounting_type:varchar;no_of_pins:varchar;operating_temprature:varchar;package_size:varchar;package_height:varchar;voltage:varchar;lcd_type:varchar;interface:varchar;viewing_area_size:varchar;package:varchar;max_current:varchar;misc_1:varchar;misc_2:varchar;misc_3:varchar;remarks:varchar,4
Graphic LCD,3,LCD modules,1193,category:varchar;part_type:varchar;value:varchar;description:varchar;schematic_part:varchar;company_part_status:varchar;mounting_type:varchar;no_of_pins:varchar;operating_temprature:varchar;package_size:varchar;package_height:varchar;voltage:varchar;lcd_type:varchar;interface:varchar;viewing_area_size:varchar;package:varchar;max_current:varchar;misc_1:varchar;misc_2:varchar;misc_3:varchar;remarks:varchar,4
Misc LCD,9,LCD modules,1199,category:varchar;part_type:varchar;value:varchar;description:varchar;schematic_part:varchar;company_part_status:varchar;mounting_type:varchar;no_of_pins:varchar;operating_temprature:varchar;package_size:varchar;package_height:varchar;voltage:varchar;lcd_type:varchar;interface:varchar;viewing_area_size:varchar;package:varchar;max_current:varchar;misc_1:varchar;misc_2:varchar;misc_3:varchar;remarks:varchar,4
RGB LCD,4,LCD modules,1194,category:varchar;part_type:varchar;value:varchar;description:varchar;schematic_part:varchar;company_part_status:varchar;mounting_type:varchar;no_of_pins:varchar;operating_temprature:varchar;package_size:varchar;package_height:varchar;voltage:varchar;lcd_type:varchar;interface:varchar;viewing_area_size:varchar;package:varchar;max_current:varchar;misc_1:varchar;misc_2:varchar;misc_3:varchar;remarks:varchar,4
Segment LCD,2,LCD modules,1192,category:varchar;part_type:varchar;value:varchar;description:varchar;schematic_part:varchar;company_part_status:varchar;mounting_type:varchar;no_of_pins:varchar;operating_temprature:varchar;package_size:varchar;package_height:varchar;voltage:varchar;lcd_type:varchar;interface:varchar;viewing_area_size:varchar;package:varchar;max_current:varchar;misc_1:varchar;misc_2:varchar;misc_3:varchar;remarks:varchar,4
Dual LED,2,LED,1202,category:varchar;part_type:varchar;value:varchar;description:varchar;schematic_part:varchar;company_part_status:varchar;mounting_type:varchar;no_of_pins:varchar;operating_temprature:varchar;package:varchar;color:varchar;forward_current:varchar;reverse_voltage:varchar;forward_voltage:varchar;surge_current:varchar;no_of_diodes:varchar;diode_configration:varchar;misc_1:varchar;misc_2:varchar;misc_3:varchar;remarks:varchar,4
LED Bar Graph,5,LED,1205,category:varchar;part_type:varchar;value:varchar;description:varchar;schematic_part:varchar;company_part_status:varchar;mounting_type:varchar;no_of_pins:varchar;operating_temprature:varchar;package:varchar;color:varchar;forward_current:varchar;reverse_voltage:varchar;forward_voltage:varchar;surge_current:varchar;no_of_diodes:varchar;diode_configration:varchar;misc_1:varchar;misc_2:varchar;misc_3:varchar;remarks:varchar,4
LED Holder,7,LED,1207,category:varchar;part_type:varchar;value:varchar;description:varchar;schematic_part:varchar;company_part_status:varchar;mounting_type:varchar;no_of_pins:varchar;operating_temprature:varchar;package:varchar;color:varchar;forward_current:varchar;reverse_voltage:varchar;forward_voltage:varchar;surge_current:varchar;no_of_diodes:varchar;diode_configration:varchar;misc_1:varchar;misc_2:varchar;misc_3:varchar;remarks:varchar,4
Misc LED,9,LED,1209,category:varchar;part_type:varchar;value:varchar;description:varchar;schematic_part:varchar;company_part_status:varchar;mounting_type:varchar;no_of_pins:varchar;operating_temprature:varchar;package:varchar;color:varchar;forward_current:varchar;reverse_voltage:varchar;forward_voltage:varchar;surge_current:varchar;no_of_diodes:varchar;diode_configration:varchar;misc_1:varchar;misc_2:varchar;misc_3:varchar;remarks:varchar,4
Panel Mount LED,6,LED,1206,category:varchar;part_type:varchar;value:varchar;description:varchar;schematic_part:varchar;company_part_status:varchar;mounting_type:varchar;no_of_pins:varchar;operating_temprature:varchar;package:varchar;color:varchar;forward_current:varchar;reverse_voltage:varchar;forward_voltage:varchar;surge_current:varchar;no_of_diodes:varchar;diode_configration:varchar;misc_1:varchar;misc_2:varchar;misc_3:varchar;remarks:varchar,4
Quad LED,4,LED,1204,category:varchar;part_type:varchar;value:varchar;description:varchar;schematic_part:varchar;company_part_status:varchar;mounting_type:varchar;no_of_pins:varchar;operating_temprature:varchar;package:varchar;color:varchar;forward_current:varchar;reverse_voltage:varchar;forward_voltage:varchar;surge_current:varchar;no_of_diodes:varchar;diode_configration:varchar;misc_1:varchar;misc_2:varchar;misc_3:varchar;remarks:varchar,4
Single LED,1,LED,1201,category:varchar;part_type:varchar;value:varchar;description:varchar;schematic_part:varchar;company_part_status:varchar;mounting_type:varchar;no_of_pins:varchar;operating_temprature:varchar;package:varchar;color:varchar;forward_current:varchar;reverse_voltage:varchar;forward_voltage:varchar;surge_current:varchar;no_of_diodes:varchar;diode_configration:varchar;misc_1:varchar;misc_2:varchar;misc_3:varchar;remarks:varchar,4
Tripple LED,3,LED,1203,category:varchar;part_type:varchar;value:varchar;description:varchar;schematic_part:varchar;company_part_status:varchar;mounting_type:varchar;no_of_pins:varchar;operating_temprature:varchar;package:varchar;color:varchar;forward_current:varchar;reverse_voltage:varchar;forward_voltage:varchar;surge_current:varchar;no_of_diodes:varchar;diode_configration:varchar;misc_1:varchar;misc_2:varchar;misc_3:varchar;remarks:varchar,4
2 point Lock,2,Locks,1622,category:varchar;part_type:varchar;description:varchar,4
3 point lock,3,Locks,1623,category:varchar;part_type:varchar;description:varchar,4
Single Point Lock,1,Locks,1621,category:varchar;part_type:varchar;description:varchar,4
Cotton Tape,5,Magnetics-- Tapes,1435,category:varchar;part_type:varchar;description:varchar,4
Fiberglass Tape,4,Magnetics-- Tapes,1434,category:varchar;part_type:varchar;description:varchar,4
Kapton Tape,2,Magnetics-- Tapes,1432,category:varchar;part_type:varchar;description:varchar,4
Polyster Tape,3,Magnetics-- Tapes,1433,category:varchar;part_type:varchar;description:varchar,4
PVC  Tape,1,Magnetics-- Tapes,1431,category:varchar;part_type:varchar;description:varchar,4
Sleeving,1,Magnetics- Insulations,1441,category:varchar;part_type:varchar;description:varchar,4
FR Bobbin,2,Magnetics - Bobbin,1422,category:varchar;part_type:varchar;description:varchar,4
Nylon Bobbin,1,Magnetics - Bobbin,1421,category:varchar;part_type:varchar;description:varchar,4
Epoxy,2,Magnetics - Chemicals,1452,category:varchar;part_type:varchar;description:varchar,4
Glue,3,Magnetics - Chemicals,1453,category:varchar;part_type:varchar;description:varchar,4
Varnish,1,Magnetics - Chemicals,1451,category:varchar;part_type:varchar;description:varchar,4
Planner Core,5,Magnetics - Cores,1415,category:varchar;part_type:varchar;description:varchar,4
Rod Core,4,Magnetics - Cores,1414,category:varchar;part_type:varchar;description:varchar,4
Steel Core,3,Magnetics - Cores,1413,category:varchar;part_type:varchar;description:varchar,4
Torroidal Core,1,Magnetics - Cores,1411,category:varchar;part_type:varchar;description:varchar,4
Transformer Core,2,Magnetics - Cores,1412,category:varchar;part_type:varchar;description:varchar,4
Bunch Wire,2,Magnetics - Wires,1402,category:varchar;part_type:varchar;description:varchar,4
Foil,5,Magnetics - Wires,1405,category:varchar;part_type:varchar;description:varchar,4
Litz Wire,3,Magnetics - Wires,1403,category:varchar;part_type:varchar;description:varchar,4
Other,7,Magnetics - Wires,1407,category:varchar;part_type:varchar;description:varchar,4
Teflon Insulated  wire,4,Magnetics - Wires,1404,category:varchar;part_type:varchar;description:varchar,4
UEW,1,Magnetics - Wires,1401,category:varchar;part_type:varchar;description:varchar,4
Bakelite Base,3,Magnetics Base,1463,category:varchar;part_type:varchar;description:varchar,4
FR4 Base,1,Magnetics Base,1461,category:varchar;part_type:varchar;description:varchar,4
Plastic Base,2,Magnetics Base,1462,category:varchar;part_type:varchar;description:varchar,4
BSO,1,Mechanical,1861,category:varchar;part_type:varchar;description:varchar;size:varchar;material:varchar;length:varchar;mounting_style:varchar;inner_dia:varchar;outer_dia:varchar;load_capacity:varchar;colour:varchar;panel_thickness:varchar;company_part_status:varchar,4
Clinch Nut,2,Mechanical,1862,category:varchar;part_type:varchar;description:varchar;size:varchar;material:varchar;length:varchar;mounting_style:varchar;inner_dia:varchar;outer_dia:varchar;load_capacity:varchar;colour:varchar;panel_thickness:varchar;company_part_status:varchar,4
Grommet,4,Mechanical,1864,category:varchar;part_type:varchar;description:varchar;size:varchar;material:varchar;length:varchar;mounting_style:varchar;inner_dia:varchar;outer_dia:varchar;load_capacity:varchar;colour:varchar;panel_thickness:varchar;company_part_status:varchar,4
Handle,3,Mechanical,1863,category:varchar;part_type:varchar;description:varchar;size:varchar;material:varchar;length:varchar;mounting_style:varchar;inner_dia:varchar;outer_dia:varchar;load_capacity:varchar;colour:varchar;panel_thickness:varchar;company_part_status:varchar,4
Housing,0,Mechanical,1940,category:varchar;part_type:varchar;description:varchar;size:varchar;material:varchar;length:varchar;mounting_style:varchar;inner_dia:varchar;outer_dia:varchar;load_capacity:varchar;colour:varchar;panel_thickness:varchar;company_part_status:varchar,4
Rivet,5,Mechanical,1865,category:varchar;part_type:varchar;description:varchar;size:varchar;material:varchar;length:varchar;mounting_style:varchar;inner_dia:varchar;outer_dia:varchar;load_capacity:varchar;colour:varchar;panel_thickness:varchar;company_part_status:varchar,4
Cellular,2,Module,1122,category:varchar;part_type:varchar;description:varchar,4
Misc Other,9,Module,1129,category:varchar;part_type:varchar;description:varchar,4
RF,3,Module,1123,category:varchar;part_type:varchar;description:varchar,4
Wifi,1,Module,1121,category:varchar;part_type:varchar;description:varchar,4
Array,5,Mosfet,1055,category:varchar;part_type:varchar;value:varchar;description:varchar;schematic_part:varchar;company_part_status:varchar;mounting_type:varchar;no_of_pins:varchar;operating_temprature:varchar;package_size:varchar;package_height:varchar;rdson:varchar;drain_source_voltage:varchar;power_dissipation:varchar;drain_current:varchar;no_of_mosfets:varchar;diode_configration:varchar;vgs_threshold:varchar;gate_charge:varchar;misc_1:varchar;misc_2:varchar;misc_3:varchar;remarks:varchar,4
GaN mosfet,4,Mosfet,1054,category:varchar;part_type:varchar;value:varchar;description:varchar;schematic_part:varchar;company_part_status:varchar;mounting_type:varchar;no_of_pins:varchar;operating_temprature:varchar;package_size:varchar;package_height:varchar;rdson:varchar;drain_source_voltage:varchar;power_dissipation:varchar;drain_current:varchar;no_of_mosfets:varchar;diode_configration:varchar;vgs_threshold:varchar;gate_charge:varchar;misc_1:varchar;misc_2:varchar;misc_3:varchar;remarks:varchar,4
Misc Other,9,Mosfet,1059,category:varchar;part_type:varchar;value:varchar;description:varchar;schematic_part:varchar;company_part_status:varchar;mounting_type:varchar;no_of_pins:varchar;operating_temprature:varchar;package_size:varchar;package_height:varchar;rdson:varchar;drain_source_voltage:varchar;power_dissipation:varchar;drain_current:varchar;no_of_mosfets:varchar;diode_configration:varchar;vgs_threshold:varchar;gate_charge:varchar;misc_1:varchar;misc_2:varchar;misc_3:varchar;remarks:varchar,4
NMOS,2,Mosfet,1052,category:varchar;part_type:varchar;value:varchar;description:varchar;schematic_part:varchar;company_part_status:varchar;mounting_type:varchar;no_of_pins:varchar;operating_temprature:varchar;package_size:varchar;package_height:varchar;rdson:varchar;drain_source_voltage:varchar;power_dissipation:varchar;drain_current:varchar;no_of_mosfets:varchar;diode_configration:varchar;vgs_threshold:varchar;gate_charge:varchar;misc_1:varchar;misc_2:varchar;misc_3:varchar;remarks:varchar,4
PMOS,1,Mosfet,1051,category:varchar;part_type:varchar;value:varchar;description:varchar;schematic_part:varchar;company_part_status:varchar;mounting_type:varchar;no_of_pins:varchar;operating_temprature:varchar;package_size:varchar;package_height:varchar;rdson:varchar;drain_source_voltage:varchar;power_dissipation:varchar;drain_current:varchar;no_of_mosfets:varchar;diode_configration:varchar;vgs_threshold:varchar;gate_charge:varchar;misc_1:varchar;misc_2:varchar;misc_3:varchar;remarks:varchar,4
SiC Mosfet,3,Mosfet,1053,category:varchar;part_type:varchar;value:varchar;description:varchar;schematic_part:varchar;company_part_status:varchar;mounting_type:varchar;no_of_pins:varchar;operating_temprature:varchar;package_size:varchar;package_height:varchar;rdson:varchar;drain_source_voltage:varchar;power_dissipation:varchar;drain_current:varchar;no_of_mosfets:varchar;diode_configration:varchar;vgs_threshold:varchar;gate_charge:varchar;misc_1:varchar;misc_2:varchar;misc_3:varchar;remarks:varchar,4
Fiducial,2,Non BOM,1002,category:varchar;part_type:varchar;pad_dia:varchar;drill_dia:varchar;value:varchar;description:varchar;schematic_part:varchar;company_part_status:varchar;mounting_type:varchar;operating_temprature:varchar;package_size:varchar;package_height:varchar,4
Misc Other,9,Non BOM,1009,category:varchar;part_type:varchar;pad_dia:varchar;drill_dia:varchar;value:varchar;description:varchar;schematic_part:varchar;company_part_status:varchar;mounting_type:varchar;operating_temprature:varchar;package_size:varchar;package_height:varchar,4
Mounting Hole,3,Non BOM,1003,category:varchar;part_type:varchar;pad_dia:varchar;drill_dia:varchar;value:varchar;description:varchar;schematic_part:varchar;company_part_status:varchar;mounting_type:varchar;operating_temprature:varchar;package_size:varchar;package_height:varchar,4
Solder Pad SMT,4,Non BOM,1004,category:varchar;part_type:varchar;pad_dia:varchar;drill_dia:varchar;value:varchar;description:varchar;schematic_part:varchar;company_part_status:varchar;mounting_type:varchar;operating_temprature:varchar;package_size:varchar;package_height:varchar,4
Solder Pad Throughole,5,Non BOM,1005,category:varchar;part_type:varchar;pad_dia:varchar;drill_dia:varchar;value:varchar;description:varchar;schematic_part:varchar;company_part_status:varchar;mounting_type:varchar;operating_temprature:varchar;package_size:varchar;package_height:varchar,4
Test Point,1,Non BOM,1001,category:varchar;part_type:varchar;pad_dia:varchar;drill_dia:varchar;value:varchar;description:varchar;schematic_part:varchar;company_part_status:varchar;mounting_type:varchar;operating_temprature:varchar;package_size:varchar;package_height:varchar,4
Bubble Sheet,7,Packing,1657,category:varchar;part_type:varchar;description:varchar,4
Corrugated packing  Part,2,Packing,1652,category:varchar;part_type:varchar;description:varchar,4
Foam packing part,3,Packing,1653,category:varchar;part_type:varchar;description:varchar,4
Manuals,2,Packing,1662,category:varchar;part_type:varchar;description:varchar,4
Plastic Packing,4,Packing,1654,category:varchar;part_type:varchar;description:varchar,4
Plastic Pallet,0,Packing,1660,category:varchar;part_type:varchar;description:varchar,4
Polywrap,6,Packing,1656,category:varchar;part_type:varchar;description:varchar,4
Strap,8,Packing,1658,category:varchar;part_type:varchar;description:varchar,4
Tapes,1,Packing,1661,category:varchar;part_type:varchar;description:varchar,4
Thermo forming packing part,5,Packing,1655,category:varchar;part_type:varchar;description:varchar,4
Wooden Packing,1,Packing,1651,category:varchar;part_type:varchar;description:varchar,4
wooden Pallet,9,Packing,1659,category:varchar;part_type:varchar;description:varchar,4
Panel mount Emergency switch,3,Panel Mount Hardware,1563,category:varchar;part_type:varchar;description:varchar,4
Panel Mount Fuse,5,Panel Mount Hardware,1565,category:varchar;part_type:varchar;description:varchar,4
Panel Mount Indicator,1,Panel Mount Hardware,1561,category:varchar;part_type:varchar;description:varchar,4
Panel Mount Lock,6,Panel Mount Hardware,1566,category:varchar;part_type:varchar;description:varchar,4
Panel Mount Rocker Switch,4,Panel Mount Hardware,1564,category:varchar;part_type:varchar;description:varchar,4
Panel Mount Switch Push to on off,2,Panel Mount Hardware,1562,category:varchar;part_type:varchar;description:varchar,4
Integrated Power,2,Power IC,1082,category:varchar;part_type:varchar;description:varchar,4
LDO,3,Power IC,1083,category:varchar;part_type:varchar;description:varchar,4
Misc Power Controller,9,Power IC,1089,category:varchar;part_type:varchar;description:varchar,4
Power stage Controller,5,Power IC,1085,category:varchar;part_type:varchar;description:varchar,4
PWM,1,Power IC,1081,category:varchar;part_type:varchar;description:varchar,4
Reference,4,Power IC,1084,category:varchar;part_type:varchar;description:varchar,4
Fuse,1,Protection,1111,category:varchar;part_type:varchar;value:varchar;description:varchar;schematic_part:varchar;company_part_status:varchar;mounting_type:varchar;no_of_pins:varchar;operating_temprature:varchar;clamping_voltage:varchar;package_type:varchar;package_size:varchar;package_height:varchar;power:varchar;material:varchar;ac_voltage:varchar;dc_voltage:varchar,4
Fuse Holder,2,Protection,1112,category:varchar;part_type:varchar;value:varchar;description:varchar;schematic_part:varchar;company_part_status:varchar;mounting_type:varchar;no_of_pins:varchar;operating_temprature:varchar;clamping_voltage:varchar;package_type:varchar;package_size:varchar;package_height:varchar;power:varchar;material:varchar;ac_voltage:varchar;dc_voltage:varchar,4
GDT,4,Protection,1114,category:varchar;part_type:varchar;value:varchar;description:varchar;schematic_part:varchar;company_part_status:varchar;mounting_type:varchar;no_of_pins:varchar;operating_temprature:varchar;clamping_voltage:varchar;package_type:varchar;package_size:varchar;package_height:varchar;power:varchar;material:varchar;ac_voltage:varchar;dc_voltage:varchar,4
Misc Other,9,Protection,1119,category:varchar;part_type:varchar;value:varchar;description:varchar;schematic_part:varchar;company_part_status:varchar;mounting_type:varchar;no_of_pins:varchar;operating_temprature:varchar;clamping_voltage:varchar;package_type:varchar;package_size:varchar;package_height:varchar;power:varchar;material:varchar;ac_voltage:varchar;dc_voltage:varchar,4
MOV,3,Protection,1113,category:varchar;part_type:varchar;value:varchar;description:varchar;schematic_part:varchar;company_part_status:varchar;mounting_type:varchar;no_of_pins:varchar;operating_temprature:varchar;clamping_voltage:varchar;package_type:varchar;package_size:varchar;package_height:varchar;power:varchar;material:varchar;ac_voltage:varchar;dc_voltage:varchar,4
Contactor,6,Relay,1176,category:varchar;part_type:varchar;value:varchar;description:varchar;schematic_part:varchar;company_part_status:varchar;mounting:varchar;no_of_pins:varchar;operating_temprature:varchar;package_size:varchar;package_height:varchar;contact_type:varchar;configration:varchar;current_rating:varchar;coil_voltage:varchar;coil_power:varchar;misc_1:varchar;misc_2:varchar;misc_3:varchar;remarks:varchar,4
Misc Other,9,Relay,1179,category:varchar;part_type:varchar;value:varchar;description:varchar;schematic_part:varchar;company_part_status:varchar;mounting:varchar;no_of_pins:varchar;operating_temprature:varchar;package_size:varchar;package_height:varchar;contact_type:varchar;configration:varchar;current_rating:varchar;coil_voltage:varchar;coil_power:varchar;misc_1:varchar;misc_2:varchar;misc_3:varchar;remarks:varchar,4
Power Relay DPDT,4,Relay,1174,category:varchar;part_type:varchar;value:varchar;description:varchar;schematic_part:varchar;company_part_status:varchar;mounting:varchar;no_of_pins:varchar;operating_temprature:varchar;package_size:varchar;package_height:varchar;contact_type:varchar;configration:varchar;current_rating:varchar;coil_voltage:varchar;coil_power:varchar;misc_1:varchar;misc_2:varchar;misc_3:varchar;remarks:varchar,4
Power Relay DPST,3,Relay,1173,category:varchar;part_type:varchar;value:varchar;description:varchar;schematic_part:varchar;company_part_status:varchar;mounting:varchar;no_of_pins:varchar;operating_temprature:varchar;package_size:varchar;package_height:varchar;contact_type:varchar;configration:varchar;current_rating:varchar;coil_voltage:varchar;coil_power:varchar;misc_1:varchar;misc_2:varchar;misc_3:varchar;remarks:varchar,4
Power Relay SPDT,2,Relay,1172,category:varchar;part_type:varchar;value:varchar;description:varchar;schematic_part:varchar;company_part_status:varchar;mounting:varchar;no_of_pins:varchar;operating_temprature:varchar;package_size:varchar;package_height:varchar;contact_type:varchar;configration:varchar;current_rating:varchar;coil_voltage:varchar;coil_power:varchar;misc_1:varchar;misc_2:varchar;misc_3:varchar;remarks:varchar,4
Power Relay SPST,1,Relay,1171,category:varchar;part_type:varchar;value:varchar;description:varchar;schematic_part:varchar;company_part_status:varchar;mounting:varchar;no_of_pins:varchar;operating_temprature:varchar;package_size:varchar;package_height:varchar;contact_type:varchar;configration:varchar;current_rating:varchar;coil_voltage:varchar;coil_power:varchar;misc_1:varchar;misc_2:varchar;misc_3:varchar;remarks:varchar,4
Signal Relay,5,Relay,1175,category:varchar;part_type:varchar;value:varchar;description:varchar;schematic_part:varchar;company_part_status:varchar;mounting:varchar;no_of_pins:varchar;operating_temprature:varchar;package_size:varchar;package_height:varchar;contact_type:varchar;configration:varchar;current_rating:varchar;coil_voltage:varchar;coil_power:varchar;misc_1:varchar;misc_2:varchar;misc_3:varchar;remarks:varchar,4
Current sense,6,Resistor,1016,category:varchar;part_type:varchar;value:varchar;description:varchar;schematic_part:varchar;company_part_status:varchar;mounting_type:varchar;no_of_pins:varchar;operating_temprature:varchar;package_size:varchar;tolerance:varchar;rated_power:varchar;rated_voltage:varchar;operating_temprature1:varchar;package_height:varchar;misc_1:varchar;misc_2:varchar;misc_3:varchar;remarks:varchar,4
MISC Other,9,Resistor,1019,category:varchar;part_type:varchar;value:varchar;description:varchar;schematic_part:varchar;company_part_status:varchar;mounting_type:varchar;no_of_pins:varchar;operating_temprature:varchar;package_size:varchar;tolerance:varchar;rated_power:varchar;rated_voltage:varchar;operating_temprature1:varchar;package_height:varchar;misc_1:varchar;misc_2:varchar;misc_3:varchar;remarks:varchar,4
POT,7,Resistor,1017,category:varchar;part_type:varchar;value:varchar;description:varchar;schematic_part:varchar;company_part_status:varchar;mounting_type:varchar;no_of_pins:varchar;operating_temprature:varchar;package_size:varchar;tolerance:varchar;rated_power:varchar;rated_voltage:varchar;operating_temprature1:varchar;package_height:varchar;misc_1:varchar;misc_2:varchar;misc_3:varchar;remarks:varchar,4
SMT 0603,1,Resistor,1011,category:varchar;part_type:varchar;value:varchar;description:varchar;schematic_part:varchar;company_part_status:varchar;mounting_type:varchar;no_of_pins:varchar;operating_temprature:varchar;package_size:varchar;tolerance:varchar;rated_power:varchar;rated_voltage:varchar;operating_temprature1:varchar;package_height:varchar;misc_1:varchar;misc_2:varchar;misc_3:varchar;remarks:varchar,4
SMT 0805,2,Resistor,1012,category:varchar;part_type:varchar;value:varchar;description:varchar;schematic_part:varchar;company_part_status:varchar;mounting_type:varchar;no_of_pins:varchar;operating_temprature:varchar;package_size:varchar;tolerance:varchar;rated_power:varchar;rated_voltage:varchar;operating_temprature1:varchar;package_height:varchar;misc_1:varchar;misc_2:varchar;misc_3:varchar;remarks:varchar,4
SMT 1206,3,Resistor,1013,category:varchar;part_type:varchar;value:varchar;description:varchar;schematic_part:varchar;company_part_status:varchar;mounting_type:varchar;no_of_pins:varchar;operating_temprature:varchar;package_size:varchar;tolerance:varchar;rated_power:varchar;rated_voltage:varchar;operating_temprature1:varchar;package_height:varchar;misc_1:varchar;misc_2:varchar;misc_3:varchar;remarks:varchar,4
SMT Others,4,Resistor,1014,category:varchar;part_type:varchar;value:varchar;description:varchar;schematic_part:varchar;company_part_status:varchar;mounting_type:varchar;no_of_pins:varchar;operating_temprature:varchar;package_size:varchar;tolerance:varchar;rated_power:varchar;rated_voltage:varchar;operating_temprature1:varchar;package_height:varchar;misc_1:varchar;misc_2:varchar;misc_3:varchar;remarks:varchar,4
Thermistor,8,Resistor,1018,category:varchar;part_type:varchar;value:varchar;description:varchar;schematic_part:varchar;company_part_status:varchar;mounting_type:varchar;no_of_pins:varchar;operating_temprature:varchar;package_size:varchar;tolerance:varchar;rated_power:varchar;rated_voltage:varchar;operating_temprature1:varchar;package_height:varchar;misc_1:varchar;misc_2:varchar;misc_3:varchar;remarks:varchar,4
Through hole,5,Resistor,1015,category:varchar;part_type:varchar;value:varchar;description:varchar;schematic_part:varchar;company_part_status:varchar;mounting_type:varchar;no_of_pins:varchar;operating_temprature:varchar;package_size:varchar;tolerance:varchar;rated_power:varchar;rated_voltage:varchar;operating_temprature1:varchar;package_height:varchar;misc_1:varchar;misc_2:varchar;misc_3:varchar;remarks:varchar,4
CSK Screw,2,Screw,1522,category:varchar;part_type:varchar;value:varchar;description:varchar;schematic_part:varchar;company_part_status:varchar;mounting_type:varchar;no_of_pins:varchar;schematic_part1:varchar;material:varchar;screw_head:varchar;screw_size:varchar;screw_length:varchar;color:varchar;finish:varchar;misc_1:varchar;misc_2:varchar;misc_3:varchar;remarks:varchar,4
Pan Head Screw,1,Screw,1521,category:varchar;part_type:varchar;value:varchar;description:varchar;schematic_part:varchar;company_part_status:varchar;mounting_type:varchar;no_of_pins:varchar;schematic_part1:varchar;material:varchar;screw_head:varchar;screw_size:varchar;screw_length:varchar;color:varchar;finish:varchar;misc_1:varchar;misc_2:varchar;misc_3:varchar;remarks:varchar,4
Self Tapping Crew,3,Screw,1523,category:varchar;part_type:varchar;value:varchar;description:varchar;schematic_part:varchar;company_part_status:varchar;mounting_type:varchar;no_of_pins:varchar;schematic_part1:varchar;material:varchar;screw_head:varchar;screw_size:varchar;screw_length:varchar;color:varchar;finish:varchar;misc_1:varchar;misc_2:varchar;misc_3:varchar;remarks:varchar,4
Gas Sensor,3,Sensors,1213,category:varchar;part_type:varchar;description:varchar,4
Hall Effect Sensor,4,Sensors,1214,category:varchar;part_type:varchar;description:varchar,4
Light Sensor,1,Sensors,1211,category:varchar;part_type:varchar;description:varchar,4
MEMS Sensor,2,Sensors,1212,category:varchar;part_type:varchar;description:varchar,4
Misc Sensor,9,Sensors,1219,category:varchar;part_type:varchar;description:varchar,4
Pressure sensor,5,Sensors,1215,category:varchar;part_type:varchar;description:varchar,4
Temprature sensor,6,Sensors,1216,category:varchar;part_type:varchar;description:varchar,4
misc modules,3,"Sensors,transducers,modules",1923,category:varchar;part_type:varchar;description:varchar,4
sensor module,1,"Sensors,transducers,modules",1921,category:varchar;part_type:varchar;description:varchar,4
transducer module,2,"Sensors,transducers,modules",1922,category:varchar;part_type:varchar;description:varchar,4
Metal Spacer,1,Spacers,1551,category:varchar;part_type:varchar;description:varchar,4
Plastic Spacer,2,Spacers,1552,category:varchar;part_type:varchar;description:varchar,4
Product Sticker,5,Sticker,1855,category:varchar;part_type:varchar;value:varchar;description:varchar;schematic_part:varchar;company_part_status:varchar;mounting_type:varchar;no_of_pins:varchar;name:varchar;revision_no:varchar;misc_1:varchar;misc_2:varchar;misc_3:varchar;remarks:varchar,4
PCB QC OK Sticker,1,Stickers,1851,category:varchar;part_type:varchar;value:varchar;description:varchar;schematic_part:varchar;company_part_status:varchar;mounting_type:varchar;no_of_pins:varchar;name:varchar;revision_no:varchar;misc_1:varchar;misc_2:varchar;misc_3:varchar;remarks:varchar,4
PCB Serial No barcode Label,2,Stickers,1852,category:varchar;part_type:varchar;value:varchar;description:varchar;schematic_part:varchar;company_part_status:varchar;mounting_type:varchar;no_of_pins:varchar;name:varchar;revision_no:varchar;misc_1:varchar;misc_2:varchar;misc_3:varchar;remarks:varchar,4
PCB184R2 LED Sticker,4,Stickers,1854,category:varchar;part_type:varchar;value:varchar;description:varchar;schematic_part:varchar;company_part_status:varchar;mounting_type:varchar;no_of_pins:varchar;name:varchar;revision_no:varchar;misc_1:varchar;misc_2:varchar;misc_3:varchar;remarks:varchar,4
Product OK Seal,3,Stickers,1853,category:varchar;part_type:varchar;value:varchar;description:varchar;schematic_part:varchar;company_part_status:varchar;mounting_type:varchar;no_of_pins:varchar;name:varchar;revision_no:varchar;misc_1:varchar;misc_2:varchar;misc_3:varchar;remarks:varchar,4
Misc Switch,9,Switch,1189,category:varchar;part_type:varchar;value:varchar;description:varchar;schematic_part:varchar;company_part_status:varchar;mounting_type:varchar;operating_temprature:varchar;package_size:varchar;package_height:varchar;type:varchar;lifecycle:varchar;pitch:varchar;height:varchar;diameter:varchar;misc_1:varchar;misc_2:varchar;misc_3:varchar;remarks:varchar,4
Panel Mount Switch,5,Switch,1185,category:varchar;part_type:varchar;value:varchar;description:varchar;schematic_part:varchar;company_part_status:varchar;mounting_type:varchar;operating_temprature:varchar;package_size:varchar;package_height:varchar;type:varchar;lifecycle:varchar;pitch:varchar;height:varchar;diameter:varchar;misc_1:varchar;misc_2:varchar;misc_3:varchar;remarks:varchar,4
Push to On/Off,2,Switch,1182,category:varchar;part_type:varchar;value:varchar;description:varchar;schematic_part:varchar;company_part_status:varchar;mounting_type:varchar;operating_temprature:varchar;package_size:varchar;package_height:varchar;type:varchar;lifecycle:varchar;pitch:varchar;height:varchar;diameter:varchar;misc_1:varchar;misc_2:varchar;misc_3:varchar;remarks:varchar,4
Tact Switch,1,Switch,1181,category:varchar;part_type:varchar;value:varchar;description:varchar;schematic_part:varchar;company_part_status:varchar;mounting_type:varchar;operating_temprature:varchar;package_size:varchar;package_height:varchar;type:varchar;lifecycle:varchar;pitch:varchar;height:varchar;diameter:varchar;misc_1:varchar;misc_2:varchar;misc_3:varchar;remarks:varchar,4
Toggle Switch,3,Switch,1183,category:varchar;part_type:varchar;value:varchar;description:varchar;schematic_part:varchar;company_part_status:varchar;mounting_type:varchar;operating_temprature:varchar;package_size:varchar;package_height:varchar;type:varchar;lifecycle:varchar;pitch:varchar;height:varchar;diameter:varchar;misc_1:varchar;misc_2:varchar;misc_3:varchar;remarks:varchar,4
Touch Switch,4,Switch,1184,category:varchar;part_type:varchar;value:varchar;description:varchar;schematic_part:varchar;company_part_status:varchar;mounting_type:varchar;operating_temprature:varchar;package_size:varchar;package_height:varchar;type:varchar;lifecycle:varchar;pitch:varchar;height:varchar;diameter:varchar;misc_1:varchar;misc_2:varchar;misc_3:varchar;remarks:varchar,4
DIN Rail Terminal Block,5,Terminal blocks,1165,category:varchar;part_type:varchar;value:varchar;description:varchar;schematic_part:varchar;company_part_status:varchar;mounting_type:varchar;no_of_pins:varchar;operating_temprature:varchar;package_size:varchar;package_height:varchar;pin:varchar;pitch:varchar;connector_type:varchar;current_rating:varchar;voltage_rating:varchar;mating_part:varchar;misc_1:varchar;misc_2:varchar;misc_3:varchar;remarks:varchar,4
Misc Other,9,Terminal blocks,1169,category:varchar;part_type:varchar;value:varchar;description:varchar;schematic_part:varchar;company_part_status:varchar;mounting_type:varchar;no_of_pins:varchar;operating_temprature:varchar;package_size:varchar;package_height:varchar;pin:varchar;pitch:varchar;connector_type:varchar;current_rating:varchar;voltage_rating:varchar;mating_part:varchar;misc_1:varchar;misc_2:varchar;misc_3:varchar;remarks:varchar,4
Panel Mount Terminal Block,4,Terminal blocks,1164,category:varchar;part_type:varchar;value:varchar;description:varchar;schematic_part:varchar;company_part_status:varchar;mounting_type:varchar;no_of_pins:varchar;operating_temprature:varchar;package_size:varchar;package_height:varchar;pin:varchar;pitch:varchar;connector_type:varchar;current_rating:varchar;voltage_rating:varchar;mating_part:varchar;misc_1:varchar;misc_2:varchar;misc_3:varchar;remarks:varchar,4
PCB Clinch Nut,3,Terminal blocks,1163,category:varchar;part_type:varchar;value:varchar;description:varchar;schematic_part:varchar;company_part_status:varchar;mounting_type:varchar;no_of_pins:varchar;operating_temprature:varchar;package_size:varchar;package_height:varchar;pin:varchar;pitch:varchar;connector_type:varchar;current_rating:varchar;voltage_rating:varchar;mating_part:varchar;misc_1:varchar;misc_2:varchar;misc_3:varchar;remarks:varchar,4
PCB Power Terminal,2,Terminal blocks,1162,category:varchar;part_type:varchar;value:varchar;description:varchar;schematic_part:varchar;company_part_status:varchar;mounting_type:varchar;no_of_pins:varchar;operating_temprature:varchar;package_size:varchar;package_height:varchar;pin:varchar;pitch:varchar;connector_type:varchar;current_rating:varchar;voltage_rating:varchar;mating_part:varchar;misc_1:varchar;misc_2:varchar;misc_3:varchar;remarks:varchar,4
Screw Terminal Block,1,Terminal blocks,1161,category:varchar;part_type:varchar;value:varchar;description:varchar;schematic_part:varchar;company_part_status:varchar;mounting_type:varchar;no_of_pins:varchar;operating_temprature:varchar;package_size:varchar;package_height:varchar;pin:varchar;pitch:varchar;connector_type:varchar;current_rating:varchar;voltage_rating:varchar;mating_part:varchar;misc_1:varchar;misc_2:varchar;misc_3:varchar;remarks:varchar,4
Socket Din Rail Moult,8,Terminal blocks,1168,category:varchar;part_type:varchar;value:varchar;description:varchar;schematic_part:varchar;company_part_status:varchar;mounting_type:varchar;no_of_pins:varchar;operating_temprature:varchar;package_size:varchar;package_height:varchar;pin:varchar;pitch:varchar;connector_type:varchar;current_rating:varchar;voltage_rating:varchar;mating_part:varchar;misc_1:varchar;misc_2:varchar;misc_3:varchar;remarks:varchar,4
Socket Panel Mount,7,Terminal blocks,1167,category:varchar;part_type:varchar;value:varchar;description:varchar;schematic_part:varchar;company_part_status:varchar;mounting_type:varchar;no_of_pins:varchar;operating_temprature:varchar;package_size:varchar;package_height:varchar;pin:varchar;pitch:varchar;connector_type:varchar;current_rating:varchar;voltage_rating:varchar;mating_part:varchar;misc_1:varchar;misc_2:varchar;misc_3:varchar;remarks:varchar,4
Socket PCB Mount,6,Terminal blocks,1166,category:varchar;part_type:varchar;value:varchar;description:varchar;schematic_part:varchar;company_part_status:varchar;mounting_type:varchar;no_of_pins:varchar;operating_temprature:varchar;package_size:varchar;package_height:varchar;pin:varchar;pitch:varchar;connector_type:varchar;current_rating:varchar;voltage_rating:varchar;mating_part:varchar;misc_1:varchar;misc_2:varchar;misc_3:varchar;remarks:varchar,4
Thermal Pad,0,Thermal Pad,1950,category:varchar;part_type:varchar;description:varchar;type:varchar;package:varchar;size:varchar;thickness:varchar;thermal_conductivity:varchar;color_appearance:varchar;adhesive_type:varchar;company_part_status:varchar;schematic_part:varchar,4
Ceramic Insulator,2,Thermals,1542,category:varchar;part_type:varchar;value:varchar;description:varchar;schematic_part:varchar;company_part_status:varchar;mounting_type:varchar;no_of_pins:varchar;material:varchar;conductivity:varchar;size:varchar;thickness:varchar;misc_1:varchar;misc_2:varchar;misc_3:varchar;remarks:varchar,4
Silicon Insulator,1,Thermals,1541,category:varchar;part_type:varchar;value:varchar;description:varchar;schematic_part:varchar;company_part_status:varchar;mounting_type:varchar;no_of_pins:varchar;material:varchar;conductivity:varchar;size:varchar;thickness:varchar;misc_1:varchar;misc_2:varchar;misc_3:varchar;remarks:varchar,4
Thermal Gel,4,Thermals,1544,category:varchar;part_type:varchar;value:varchar;description:varchar;schematic_part:varchar;company_part_status:varchar;mounting_type:varchar;no_of_pins:varchar;material:varchar;conductivity:varchar;size:varchar;thickness:varchar;misc_1:varchar;misc_2:varchar;misc_3:varchar;remarks:varchar,4
Thermal Paste,3,Thermals,1543,category:varchar;part_type:varchar;value:varchar;description:varchar;schematic_part:varchar;company_part_status:varchar;mounting_type:varchar;no_of_pins:varchar;material:varchar;conductivity:varchar;size:varchar;thickness:varchar;misc_1:varchar;misc_2:varchar;misc_3:varchar;remarks:varchar,4
Current sense Transformer,4,Transformer,1104,category:varchar;part_type:varchar;value:varchar;description:varchar;schematic_part:varchar;company_part_status:varchar;mounting_type:varchar;no_of_pins:varchar;operating_temprature:varchar;package_size:varchar;package_height:varchar;board_number:varchar;ref_des_in_board:varchar;current_rating:varchar;leakage_inductance:varchar;core:varchar;bobbin:varchar;misc_1:varchar;misc_2:varchar;misc_3:varchar,4
Driver Transformer,6,Transformer,1106,category:varchar;part_type:varchar;value:varchar;description:varchar;schematic_part:varchar;company_part_status:varchar;mounting_type:varchar;no_of_pins:varchar;operating_temprature:varchar;package_size:varchar;package_height:varchar;board_number:varchar;ref_des_in_board:varchar;current_rating:varchar;leakage_inductance:varchar;core:varchar;bobbin:varchar;misc_1:varchar;misc_2:varchar;misc_3:varchar,4
Isolation Transformer,7,Transformer,1107,category:varchar;part_type:varchar;value:varchar;description:varchar;schematic_part:varchar;company_part_status:varchar;mounting_type:varchar;no_of_pins:varchar;operating_temprature:varchar;package_size:varchar;package_height:varchar;board_number:varchar;ref_des_in_board:varchar;current_rating:varchar;leakage_inductance:varchar;core:varchar;bobbin:varchar;misc_1:varchar;misc_2:varchar;misc_3:varchar,4
LF Transformer,3,Transformer,1103,category:varchar;part_type:varchar;value:varchar;description:varchar;schematic_part:varchar;company_part_status:varchar;mounting_type:varchar;no_of_pins:varchar;operating_temprature:varchar;package_size:varchar;package_height:varchar;board_number:varchar;ref_des_in_board:varchar;current_rating:varchar;leakage_inductance:varchar;core:varchar;bobbin:varchar;misc_1:varchar;misc_2:varchar;misc_3:varchar,4
Misc Transformer,9,Transformer,1109,category:varchar;part_type:varchar;value:varchar;description:varchar;schematic_part:varchar;company_part_status:varchar;mounting_type:varchar;no_of_pins:varchar;operating_temprature:varchar;package_size:varchar;package_height:varchar;board_number:varchar;ref_des_in_board:varchar;current_rating:varchar;leakage_inductance:varchar;core:varchar;bobbin:varchar;misc_1:varchar;misc_2:varchar;misc_3:varchar,4
Transformer SMT,1,Transformer,1101,category:varchar;part_type:varchar;value:varchar;description:varchar;schematic_part:varchar;company_part_status:varchar;mounting_type:varchar;no_of_pins:varchar;operating_temprature:varchar;package_size:varchar;package_height:varchar;board_number:varchar;ref_des_in_board:varchar;current_rating:varchar;leakage_inductance:varchar;core:varchar;bobbin:varchar;misc_1:varchar;misc_2:varchar;misc_3:varchar,4
Transformer Thorughole,2,Transformer,1102,category:varchar;part_type:varchar;value:varchar;description:varchar;schematic_part:varchar;company_part_status:varchar;mounting_type:varchar;no_of_pins:varchar;operating_temprature:varchar;package_size:varchar;package_height:varchar;board_number:varchar;ref_des_in_board:varchar;current_rating:varchar;leakage_inductance:varchar;core:varchar;bobbin:varchar;misc_1:varchar;misc_2:varchar;misc_3:varchar,4
Voltage sense transformer,5,Transformer,1105,category:varchar;part_type:varchar;value:varchar;description:varchar;schematic_part:varchar;company_part_status:varchar;mounting_type:varchar;no_of_pins:varchar;operating_temprature:varchar;package_size:varchar;package_height:varchar;board_number:varchar;ref_des_in_board:varchar;current_rating:varchar;leakage_inductance:varchar;core:varchar;bobbin:varchar;misc_1:varchar;misc_2:varchar;misc_3:varchar,4
Array,6,Transistor,1046,category:varchar;part_type:varchar;value:varchar;description:varchar;schematic_part:varchar;company_part_status:varchar;operating_temperature:varchar;package_size:varchar;package_height:varchar;mounting_type:varchar;no_of_pins:varchar;collector_emitter_voltage:varchar;emitter_base_voltage:varchar;collector_emitter_saturation_voltage:varchar;dc_collector_current:varchar;gain_hfe:varchar;configuration:varchar;misc_1:varchar;misc_2:varchar;misc_3:varchar;remarks:varchar,4
Darlington,4,Transistor,1044,category:varchar;part_type:varchar;value:varchar;description:varchar;schematic_part:varchar;company_part_status:varchar;operating_temperature:varchar;package_size:varchar;package_height:varchar;mounting_type:varchar;no_of_pins:varchar;collector_emitter_voltage:varchar;emitter_base_voltage:varchar;collector_emitter_saturation_voltage:varchar;dc_collector_current:varchar;gain_hfe:varchar;configuration:varchar;misc_1:varchar;misc_2:varchar;misc_3:varchar;remarks:varchar,4
IGBT,5,Transistor,1045,category:varchar;part_type:varchar;value:varchar;description:varchar;schematic_part:varchar;company_part_status:varchar;operating_temperature:varchar;package_size:varchar;package_height:varchar;mounting_type:varchar;no_of_pins:varchar;collector_emitter_voltage:varchar;emitter_base_voltage:varchar;collector_emitter_saturation_voltage:varchar;dc_collector_current:varchar;gain_hfe:varchar;configuration:varchar;misc_1:varchar;misc_2:varchar;misc_3:varchar;remarks:varchar,4
NPN,2,Transistor,1042,category:varchar;part_type:varchar;value:varchar;description:varchar;schematic_part:varchar;company_part_status:varchar;operating_temperature:varchar;package_size:varchar;package_height:varchar;mounting_type:varchar;no_of_pins:varchar;collector_emitter_voltage:varchar;emitter_base_voltage:varchar;collector_emitter_saturation_voltage:varchar;dc_collector_current:varchar;gain_hfe:varchar;configuration:varchar;misc_1:varchar;misc_2:varchar;misc_3:varchar;remarks:varchar,4
Photo Transistor,3,Transistor,1043,category:varchar;part_type:varchar;value:varchar;description:varchar;schematic_part:varchar;company_part_status:varchar;operating_temperature:varchar;package_size:varchar;package_height:varchar;mounting_type:varchar;no_of_pins:varchar;collector_emitter_voltage:varchar;emitter_base_voltage:varchar;collector_emitter_saturation_voltage:varchar;dc_collector_current:varchar;gain_hfe:varchar;configuration:varchar;misc_1:varchar;misc_2:varchar;misc_3:varchar;remarks:varchar,4
PNP,1,Transistor,1041,category:varchar;part_type:varchar;value:varchar;description:varchar;schematic_part:varchar;company_part_status:varchar;operating_temperature:varchar;package_size:varchar;package_height:varchar;mounting_type:varchar;no_of_pins:varchar;collector_emitter_voltage:varchar;emitter_base_voltage:varchar;collector_emitter_saturation_voltage:varchar;dc_collector_current:varchar;gain_hfe:varchar;configuration:varchar;misc_1:varchar;misc_2:varchar;misc_3:varchar;remarks:varchar,4
Array,6,Transistor,1046,category:varchar;part_type:varchar;value:varchar;description:varchar;schematic_part:varchar;company_part_status:varchar;operating_temperature:varchar;package_size:varchar;package_height:varchar;mounting_type:varchar;no_of_pins:varchar;collector_emitter_voltage:varchar;emitter_base_voltage:varchar;collector_emitter_saturation_voltage:varchar;dc_collector_current:varchar;gain_hfe:varchar;configuration:varchar;misc_1:varchar;misc_2:varchar;misc_3:varchar;remarks:varchar,4
Darlington,4,Transistor,1044,category:varchar;part_type:varchar;value:varchar;description:varchar;schematic_part:varchar;company_part_status:varchar;operating_temperature:varchar;package_size:varchar;package_height:varchar;mounting_type:varchar;no_of_pins:varchar;collector_emitter_voltage:varchar;emitter_base_voltage:varchar;collector_emitter_saturation_voltage:varchar;dc_collector_current:varchar;gain_hfe:varchar;configuration:varchar;misc_1:varchar;misc_2:varchar;misc_3:varchar;remarks:varchar,4
IGBT,5,Transistor,1045,category:varchar;part_type:varchar;value:varchar;description:varchar;schematic_part:varchar;company_part_status:varchar;operating_temperature:varchar;package_size:varchar;package_height:varchar;mounting_type:varchar;no_of_pins:varchar;collector_emitter_voltage:varchar;emitter_base_voltage:varchar;collector_emitter_saturation_voltage:varchar;dc_collector_current:varchar;gain_hfe:varchar;configuration:varchar;misc_1:varchar;misc_2:varchar;misc_3:varchar;remarks:varchar,4
Misc Other,9,Transistor,1049,category:varchar;part_type:varchar;value:varchar;description:varchar;schematic_part:varchar;company_part_status:varchar;operating_temperature:varchar;package_size:varchar;package_height:varchar;mounting_type:varchar;no_of_pins:varchar;collector_emitter_voltage:varchar;emitter_base_voltage:varchar;collector_emitter_saturation_voltage:varchar;dc_collector_current:varchar;gain_hfe:varchar;configuration:varchar;misc_1:varchar;misc_2:varchar;misc_3:varchar;remarks:varchar,4
NPN,2,Transistor,1042,category:varchar;part_type:varchar;value:varchar;description:varchar;schematic_part:varchar;company_part_status:varchar;operating_temperature:varchar;package_size:varchar;package_height:varchar;mounting_type:varchar;no_of_pins:varchar;collector_emitter_voltage:varchar;emitter_base_voltage:varchar;collector_emitter_saturation_voltage:varchar;dc_collector_current:varchar;gain_hfe:varchar;configuration:varchar;misc_1:varchar;misc_2:varchar;misc_3:varchar;remarks:varchar,4
Photo Transistor,3,Transistor,1043,category:varchar;part_type:varchar;value:varchar;description:varchar;schematic_part:varchar;company_part_status:varchar;operating_temperature:varchar;package_size:varchar;package_height:varchar;mounting_type:varchar;no_of_pins:varchar;collector_emitter_voltage:varchar;emitter_base_voltage:varchar;collector_emitter_saturation_voltage:varchar;dc_collector_current:varchar;gain_hfe:varchar;configuration:varchar;misc_1:varchar;misc_2:varchar;misc_3:varchar;remarks:varchar,4
PNP,1,Transistor,1041,category:varchar;part_type:varchar;value:varchar;description:varchar;schematic_part:varchar;company_part_status:varchar;operating_temperature:varchar;package_size:varchar;package_height:varchar;mounting_type:varchar;no_of_pins:varchar;collector_emitter_voltage:varchar;emitter_base_voltage:varchar;collector_emitter_saturation_voltage:varchar;dc_collector_current:varchar;gain_hfe:varchar;configuration:varchar;misc_1:varchar;misc_2:varchar;misc_3:varchar;remarks:varchar,4
Bakellite Washer,5,Washer,1535,category:varchar;part_type:varchar;value:varchar;description:varchar;schematic_part:varchar;company_part_status:varchar;mounting_type:varchar;no_of_pins:varchar;schematic_part1:varchar;size:varchar;material:varchar;thickness:varchar;color:varchar;finish:varchar;misc_1:varchar;misc_2:varchar;misc_3:varchar;remarks:varchar,4
Plain Washer,1,Washer,1531,category:varchar;part_type:varchar;value:varchar;description:varchar;schematic_part:varchar;company_part_status:varchar;mounting_type:varchar;no_of_pins:varchar;schematic_part1:varchar;size:varchar;material:varchar;thickness:varchar;color:varchar;finish:varchar;misc_1:varchar;misc_2:varchar;misc_3:varchar;remarks:varchar,4
Plastic Washer,3,Washer,1533,category:varchar;part_type:varchar;value:varchar;description:varchar;schematic_part:varchar;company_part_status:varchar;mounting_type:varchar;no_of_pins:varchar;schematic_part1:varchar;size:varchar;material:varchar;thickness:varchar;color:varchar;finish:varchar;misc_1:varchar;misc_2:varchar;misc_3:varchar;remarks:varchar,4
Spring Washer,2,Washer,1532,category:varchar;part_type:varchar;value:varchar;description:varchar;schematic_part:varchar;company_part_status:varchar;mounting_type:varchar;no_of_pins:varchar;schematic_part1:varchar;size:varchar;material:varchar;thickness:varchar;color:varchar;finish:varchar;misc_1:varchar;misc_2:varchar;misc_3:varchar;remarks:varchar,4
Teflon Washer,4,Washer,1534,category:varchar;part_type:varchar;value:varchar;description:varchar;schematic_part:varchar;company_part_status:varchar;mounting_type:varchar;no_of_pins:varchar;schematic_part1:varchar;size:varchar;material:varchar;thickness:varchar;color:varchar;finish:varchar;misc_1:varchar;misc_2:varchar;misc_3:varchar;remarks:varchar,4
